id,Nome,DataNascimento,AnoEscolar
1,Timon,2008-12-20 05:12:55,8
2,Gretchen,2000-11-29 02:20:07,8
3,Michelle,2008-06-21 02:30:46,9
4,Katelyn,2006-07-16 16:33:33,6
5,Basia,2008-02-18 03:51:59,1
6,Shay,2004-01-24 12:54:13,8
7,David,2002-05-08 13:02:38,5
8,Chelsea,2004-11-15 23:49:25,1
9,Chanda,2003-09-04 21:10:09,9
10,Beverly,2001-06-15 13:12:08,6
11,Nicole,2005-08-20 10:59:47,2
12,Honorato,2000-05-23 06:27:32,7
13,Quintessa,2009-05-06 13:33:53,1
14,Xantha,2007-02-12 12:08:00,4
15,Ila,2008-08-14 00:21:25,9
16,Serena,2004-05-26 01:30:14,9
17,Courtney,2004-06-20 03:53:46,2
18,Wesley,2004-11-18 14:48:11,9
19,May,2005-06-27 11:27:38,3
20,Harlan,2004-04-09 13:20:12,2
21,Ulla,2009-09-11 15:23:39,9
22,Shelly,2008-04-06 01:48:25,7
23,Brandon,2005-08-17 19:14:53,3
24,Rafael,2008-03-16 21:43:39,4
25,Hashim,2008-01-21 04:17:52,9
26,Lucy,2000-12-23 23:53:46,7
27,Ronan,2009-05-25 12:56:54,7
28,Rhonda,2005-04-05 00:12:22,3
29,Harlan,2008-10-07 22:39:52,9
30,Rhonda,2008-07-13 19:45:53,5
31,Lilah,2009-03-28 19:20:02,1
32,Justina,2006-02-15 23:17:18,9
33,Raphael,2007-03-27 09:52:36,5
34,Lunea,2008-07-20 11:55:32,1
35,Graiden,2001-04-17 16:49:14,5
36,Emery,2009-11-06 14:46:23,5
37,Colin,2005-01-04 06:25:04,4
38,Cairo,2009-06-20 06:52:50,9
39,Byron,2009-07-01 22:45:17,7
40,Noble,2007-07-30 03:46:35,5
41,Kaye,2001-07-17 15:27:11,3
42,Kameko,2004-02-11 12:51:29,3
43,Lance,2005-12-02 04:02:45,3
44,Alec,2003-12-30 10:02:45,9
45,Jennifer,2008-09-19 17:46:00,7
46,Stuart,2005-01-05 22:52:16,4
47,Rosalyn,2000-10-20 05:43:50,1
48,Jillian,2002-07-21 21:17:15,2
49,Blake,2003-12-21 02:48:59,5
50,Yvonne,2004-07-29 01:33:41,3
51,Dara,2002-05-23 08:22:15,8
52,Wyoming,2008-03-12 02:24:29,4
53,Colorado,2004-03-14 10:45:36,8
54,Gregory,2002-02-03 01:42:39,2
55,Sophia,2001-05-24 15:46:21,3
56,Mariam,2007-06-23 18:07:57,2
57,Kellie,2007-12-17 19:36:45,2
58,Harlan,2004-07-09 03:11:29,4
59,Arthur,2001-02-16 22:16:01,1
60,Aimee,2008-09-29 13:16:50,7
61,Miriam,2005-11-24 22:29:32,1
62,Duncan,2006-12-15 02:38:31,1
63,Yasir,2004-08-24 21:58:39,2
64,Hector,2009-10-15 22:18:02,9
65,Michael,2001-03-17 07:44:46,2
66,TaShya,2004-07-13 23:06:33,6
67,Yuli,2008-10-29 00:54:02,3
68,Jemima,2007-07-13 15:54:46,5
69,Xandra,2006-06-20 02:41:23,7
70,Elliott,2000-07-30 10:20:08,6
71,Allegra,2007-01-15 11:42:44,5
72,Orson,2003-09-04 11:15:30,1
73,Abdul,2008-11-21 04:17:10,9
74,Levi,2001-05-22 16:30:48,4
75,Steven,2009-11-22 07:11:35,9
76,Slade,2004-07-01 11:37:32,8
77,Elijah,2001-01-27 10:59:31,3
78,Zahir,2004-08-01 05:55:44,1
79,Jada,2007-05-04 07:16:40,9
80,Tanisha,2000-01-14 19:39:04,8
81,Camden,2005-03-17 21:18:47,6
82,Hakeem,2003-03-30 00:41:12,2
83,Kay,2003-01-26 15:05:20,6
84,Abraham,2000-04-11 12:28:57,8
85,Uriel,2009-02-25 21:32:09,4
86,Meredith,2003-08-25 08:31:53,9
87,Nolan,2004-11-22 19:12:58,1
88,Felix,2007-01-27 01:49:10,4
89,Harding,2003-03-30 09:20:13,3
90,Vivian,2009-08-03 08:39:16,6
91,Jillian,2009-05-29 19:22:35,6
92,Jade,2003-05-03 14:34:35,1
93,Gage,2008-07-16 21:40:03,9
94,Lael,2008-11-23 23:11:01,6
95,Basia,2008-08-15 10:36:49,4
96,Arsenio,2007-12-27 11:53:19,9
97,Fulton,2004-03-21 11:45:17,1
98,Leilani,2001-06-28 10:51:52,7
99,Velma,2001-12-16 06:00:33,8
100,Mona,2001-01-11 07:38:13,7